{"cameraMode":{"drawMode":0,"name":"Shaded","section":"Shading Mode"},"sceneLighting":false,"audioPlay":false,"sceneViewState":{"showFog":true,"showMaterialUpdate":true,"showSkybox":false,"showFlares":true,"showImageEffects":true,"showParticleSystems":true},"in2DMode":false,"pivot":{"x":76.79000091552735,"y":0.7917254567146301,"z":28.309999465942384},"rotation":{"x":-0.020136693492531778,"y":0.7234151363372803,"z":-0.024929514154791833,"w":-0.6899785399436951},"size":7.465534210205078,"orthographic":false}