{"cameraMode":{"drawMode":0,"name":"Shaded","section":"Shading Mode"},"sceneLighting":false,"audioPlay":false,"sceneViewState":{"showFog":true,"showMaterialUpdate":true,"showSkybox":false,"showFlares":true,"showImageEffects":true,"showParticleSystems":true},"in2DMode":false,"pivot":{"x":-0.08499598503112793,"y":0.2257767915725708,"z":0.12035989761352539},"rotation":{"x":0.050223663449287418,"y":0.9212955832481384,"z":-0.3642474412918091,"w":0.1270558387041092},"size":2.5878853797912599,"orthographic":false}