{"cameraMode":{"drawMode":0,"name":"Shaded","section":"Shading Mode"},"sceneLighting":false,"audioPlay":false,"sceneViewState":{"showFog":true,"showMaterialUpdate":true,"showSkybox":false,"showFlares":true,"showImageEffects":true,"showParticleSystems":true},"in2DMode":false,"pivot":{"x":-0.6009437441825867,"y":0.5607333183288574,"z":-1.6591567993164063},"rotation":{"x":-0.04629773646593094,"y":-0.8804009556770325,"z":0.46391385793685915,"w":-0.08817821741104126},"size":7.692142009735107,"orthographic":false}