{"cameraMode":{"drawMode":0,"name":"Shaded","section":"Shading Mode"},"sceneLighting":true,"audioPlay":false,"sceneViewState":{"showFog":true,"showMaterialUpdate":true,"showSkybox":true,"showFlares":true,"showImageEffects":true,"showParticleSystems":true},"in2DMode":false,"pivot":{"x":-3297.087646484375,"y":-2097.448486328125,"z":1339.7415771484375},"rotation":{"x":0.21765059232711793,"y":-0.5451115965843201,"z":0.14914970099925996,"w":0.7958095073699951},"size":4152.052734375,"orthographic":false}