{"cameraMode":{"drawMode":0,"name":"Shaded","section":"Shading Mode"},"sceneLighting":false,"audioPlay":false,"sceneViewState":{"showFog":true,"showMaterialUpdate":true,"showSkybox":false,"showFlares":true,"showImageEffects":true,"showParticleSystems":true},"in2DMode":false,"pivot":{"x":0.36456990242004397,"y":-0.41109591722488406,"z":0.27337902784347536},"rotation":{"x":0.23354943096637727,"y":0.4005250930786133,"z":-0.10633117705583573,"w":0.8796895146369934},"size":1.8788259029388428,"orthographic":false}