{"cameraMode":{"drawMode":0,"name":"Shaded","section":"Shading Mode"},"sceneLighting":false,"audioPlay":false,"sceneViewState":{"showFog":true,"showMaterialUpdate":true,"showSkybox":false,"showFlares":true,"showImageEffects":true,"showParticleSystems":true},"in2DMode":false,"pivot":{"x":0.1746263951063156,"y":1.0929064750671387,"z":-3.174229383468628},"rotation":{"x":-0.0011082446435466409,"y":0.9988794922828674,"z":0.03657779097557068,"w":0.030271239578723909},"size":4.7178802490234379,"orthographic":false}