{"cameraMode":{"drawMode":0,"name":"Shaded","section":"Shading Mode"},"sceneLighting":false,"audioPlay":false,"sceneViewState":{"showFog":true,"showMaterialUpdate":true,"showSkybox":false,"showFlares":true,"showImageEffects":true,"showParticleSystems":true},"in2DMode":false,"pivot":{"x":2.605891704559326,"y":-0.06524533778429032,"z":-0.04410439729690552},"rotation":{"x":0.091087706387043,"y":0.7423791289329529,"z":-0.10309705883264542,"w":0.6557926535606384},"size":10.183222770690918,"orthographic":false}