{"cameraMode":{"drawMode":0,"name":"Shaded","section":"Shading Mode"},"sceneLighting":true,"audioPlay":false,"sceneViewState":{"showFog":true,"showMaterialUpdate":true,"showSkybox":true,"showFlares":true,"showImageEffects":true,"showParticleSystems":true},"in2DMode":false,"pivot":{"x":384.20721435546877,"y":-93.40048217773438,"z":235.16542053222657},"rotation":{"x":-0.11380884051322937,"y":-0.4439314007759094,"z":0.05445394292473793,"w":-0.8875407576560974},"size":423.85577392578127,"orthographic":false}