{"cameraMode":{"drawMode":0,"name":"Shaded","section":"Shading Mode"},"sceneLighting":false,"audioPlay":false,"sceneViewState":{"showFog":true,"showMaterialUpdate":true,"showSkybox":false,"showFlares":true,"showImageEffects":true,"showParticleSystems":true},"in2DMode":false,"pivot":{"x":2.2340214252471926,"y":0.5661741495132446,"z":0.8642370700836182},"rotation":{"x":0.049291353672742847,"y":0.8743499517440796,"z":-0.09080895781517029,"w":0.47430381178855898},"size":11.223862648010254,"orthographic":false}