{"cameraMode":{"drawMode":0,"name":"Shaded","section":"Shading Mode"},"sceneLighting":false,"audioPlay":false,"sceneViewState":{"showFog":true,"showMaterialUpdate":true,"showSkybox":false,"showFlares":true,"showImageEffects":true,"showParticleSystems":true},"in2DMode":false,"pivot":{"x":-1.7330689430236817,"y":-2.632114887237549,"z":-4.626181602478027},"rotation":{"x":0.05535433441400528,"y":0.9234623312950134,"z":-0.3507644534111023,"w":0.14575621485710145},"size":13.455683708190918,"orthographic":false}