{"cameraMode":{"drawMode":0,"name":"Shaded","section":"Shading Mode"},"sceneLighting":false,"audioPlay":false,"sceneViewState":{"showFog":true,"showMaterialUpdate":true,"showSkybox":false,"showFlares":true,"showImageEffects":true,"showParticleSystems":true},"in2DMode":false,"pivot":{"x":0.1021384596824646,"y":1.305547833442688,"z":-1.8483556509017945},"rotation":{"x":-0.002921335631981492,"y":0.9948889017105103,"z":0.09640879184007645,"w":0.03015032783150673},"size":4.795449733734131,"orthographic":false}