{"cameraMode":{"drawMode":0,"name":"Shaded","section":"Shading Mode"},"sceneLighting":true,"audioPlay":false,"sceneViewState":{"showFog":true,"showMaterialUpdate":true,"showSkybox":false,"showFlares":true,"showImageEffects":true,"showParticleSystems":true},"in2DMode":false,"pivot":{"x":1220.5281982421875,"y":-603.7642822265625,"z":-709.0394287109375},"rotation":{"x":0.10333538055419922,"y":0.8524872064590454,"z":-0.18442539870738984,"w":0.47818684577941897},"size":1584.523193359375,"orthographic":false}