{"cameraMode":{"drawMode":0,"name":"Shaded","section":"Shading Mode"},"sceneLighting":false,"audioPlay":false,"sceneViewState":{"showFog":true,"showMaterialUpdate":true,"showSkybox":false,"showFlares":true,"showImageEffects":true,"showParticleSystems":true},"in2DMode":false,"pivot":{"x":67.9000015258789,"y":1.9900000095367432,"z":31.06999969482422},"rotation":{"x":-0.020136693492531778,"y":0.7234151363372803,"z":-0.024929514154791833,"w":-0.6899785399436951},"size":17.980915069580079,"orthographic":false}