{"cameraMode":{"drawMode":0,"name":"Shaded","section":"Shading Mode"},"sceneLighting":false,"audioPlay":false,"sceneViewState":{"showFog":true,"showMaterialUpdate":true,"showSkybox":false,"showFlares":true,"showImageEffects":true,"showParticleSystems":true},"in2DMode":false,"pivot":{"x":23.31203842163086,"y":1.7294498682022095,"z":51.43177032470703},"rotation":{"x":0.011814095079898835,"y":-0.9328612089157105,"z":0.030810203403234483,"w":0.3588296175003052},"size":1.1880545616149903,"orthographic":false}