{"cameraMode":{"drawMode":0,"name":"Shaded","section":"Shading Mode"},"sceneLighting":false,"audioPlay":false,"sceneViewState":{"showFog":true,"showMaterialUpdate":true,"showSkybox":false,"showFlares":true,"showImageEffects":true,"showParticleSystems":true},"in2DMode":false,"pivot":{"x":4007.38232421875,"y":3724.31494140625,"z":-15.620243072509766},"rotation":{"x":0.3871467411518097,"y":-0.6020970344543457,"z":0.4150140881538391,"w":0.5617900490760803},"size":8.778177261352539,"orthographic":false}