{"cameraMode":{"drawMode":0,"name":"Shaded","section":"Shading Mode"},"sceneLighting":false,"audioPlay":false,"sceneViewState":{"showFog":true,"showMaterialUpdate":true,"showSkybox":false,"showFlares":true,"showImageEffects":true,"showParticleSystems":true},"in2DMode":false,"pivot":{"x":0.14590689539909364,"y":1.403762936592102,"z":-3.161090612411499},"rotation":{"x":-0.0007515280740335584,"y":0.9953155517578125,"z":0.09645012021064758,"w":0.007759579457342625},"size":4.731241226196289,"orthographic":false}