{"cameraMode":{"drawMode":0,"name":"Shaded","section":"Shading Mode"},"sceneLighting":false,"audioPlay":false,"sceneViewState":{"showFog":true,"showMaterialUpdate":true,"showSkybox":false,"showFlares":true,"showImageEffects":true,"showParticleSystems":true},"in2DMode":false,"pivot":{"x":1.4979708194732667,"y":-0.6097307801246643,"z":0.03824446350336075},"rotation":{"x":0.1918819695711136,"y":0.6185210943222046,"z":-0.1592513769865036,"w":0.7452358603477478},"size":2.7665202617645265,"orthographic":false}