{"cameraMode":{"drawMode":0,"name":"Shaded","section":"Shading Mode"},"sceneLighting":false,"audioPlay":false,"sceneViewState":{"showFog":true,"showMaterialUpdate":true,"showSkybox":false,"showFlares":true,"showImageEffects":true,"showParticleSystems":true},"in2DMode":false,"pivot":{"x":-1.0837023258209229,"y":1.0170804262161255,"z":-3.4060213565826418},"rotation":{"x":-0.006575135979801416,"y":0.9844914078712463,"z":-0.03782115504145622,"w":-0.17122948169708253},"size":4.75104284286499,"orthographic":false}