{"cameraMode":{"drawMode":0,"name":"Shaded","section":"Shading Mode"},"sceneLighting":false,"audioPlay":false,"sceneViewState":{"showFog":true,"showMaterialUpdate":true,"showSkybox":false,"showFlares":true,"showImageEffects":true,"showParticleSystems":true},"in2DMode":false,"pivot":{"x":399.74517822265627,"y":-772.762939453125,"z":2523.828369140625},"rotation":{"x":0.16720181703567506,"y":0.01632901281118393,"z":-0.0027398329693824054,"w":0.9858540296554565},"size":3209.606689453125,"orthographic":false}