{"cameraMode":{"drawMode":0,"name":"Shaded","section":"Shading Mode"},"sceneLighting":false,"audioPlay":false,"sceneViewState":{"showFog":true,"showMaterialUpdate":true,"showSkybox":false,"showFlares":true,"showImageEffects":true,"showParticleSystems":true},"in2DMode":false,"pivot":{"x":4012.94287109375,"y":3719.494873046875,"z":-16.410974502563478},"rotation":{"x":-0.20001055300235749,"y":-0.7017703056335449,"z":0.21623322367668153,"w":-0.6488506197929382},"size":8.778177261352539,"orthographic":false}