{"cameraMode":{"drawMode":0,"name":"Shaded","section":"Shading Mode"},"sceneLighting":false,"audioPlay":false,"sceneViewState":{"showFog":true,"showMaterialUpdate":true,"showSkybox":false,"showFlares":true,"showImageEffects":true,"showParticleSystems":true},"in2DMode":false,"pivot":{"x":-59.44562911987305,"y":-170.4189453125,"z":-1254.6689453125},"rotation":{"x":-0.003434934187680483,"y":0.9963215589523315,"z":-0.0703667551279068,"w":-0.05060911923646927},"size":1294.040771484375,"orthographic":false}