{"cameraMode":{"drawMode":0,"name":"Shaded","section":"Shading Mode"},"sceneLighting":true,"audioPlay":false,"sceneViewState":{"showFog":true,"showMaterialUpdate":true,"showSkybox":true,"showFlares":true,"showImageEffects":true,"showParticleSystems":true},"in2DMode":false,"pivot":{"x":-128.77352905273438,"y":-141.3038787841797,"z":347.65655517578127},"rotation":{"x":0.19922643899917603,"y":-0.2184017151594162,"z":0.0457887277007103,"w":0.9542282819747925},"size":380.262451171875,"orthographic":false}