{"cameraMode":{"drawMode":0,"name":"Shaded","section":"Shading Mode"},"sceneLighting":false,"audioPlay":false,"sceneViewState":{"showFog":true,"showMaterialUpdate":true,"showSkybox":false,"showFlares":true,"showImageEffects":true,"showParticleSystems":true},"in2DMode":false,"pivot":{"x":4032.4833984375,"y":3722.0869140625,"z":-18.073556900024415},"rotation":{"x":-0.015571028925478459,"y":0.9436826705932617,"z":0.044918447732925418,"w":0.3278310298919678},"size":18.98725700378418,"orthographic":false}