{"cameraMode":{"drawMode":0,"name":"Shaded","section":"Shading Mode"},"sceneLighting":false,"audioPlay":false,"sceneViewState":{"showFog":true,"showMaterialUpdate":true,"showSkybox":false,"showFlares":true,"showImageEffects":true,"showParticleSystems":true},"in2DMode":false,"pivot":{"x":0.4322911500930786,"y":1.3301677703857422,"z":-2.791353702545166},"rotation":{"x":-0.0025751981884241106,"y":0.9966602921485901,"z":0.07399042695760727,"w":0.034693729132413867},"size":4.714068412780762,"orthographic":false}