{"cameraMode":{"drawMode":0,"name":"Shaded","section":"Shading Mode"},"sceneLighting":false,"audioPlay":false,"sceneViewState":{"showFog":true,"showMaterialUpdate":true,"showSkybox":false,"showFlares":true,"showImageEffects":true,"showParticleSystems":true},"in2DMode":false,"pivot":{"x":4081.985107421875,"y":3691.489013671875,"z":12.717744827270508},"rotation":{"x":0.3290477991104126,"y":-0.33717167377471926,"z":0.12709364295005799,"w":0.8730105757713318},"size":119.22066497802735,"orthographic":false}