{"cameraMode":{"drawMode":0,"name":"Shaded","section":"Shading Mode"},"sceneLighting":false,"audioPlay":false,"sceneViewState":{"showFog":true,"showMaterialUpdate":true,"showSkybox":false,"showFlares":true,"showImageEffects":true,"showParticleSystems":true},"in2DMode":false,"pivot":{"x":2.5607566833496095,"y":0.1395263671875,"z":0.7865840196609497},"rotation":{"x":-0.1771053969860077,"y":-0.6969940662384033,"z":0.18431136012077332,"w":-0.6701509356498718},"size":8.270724296569825,"orthographic":false}