{"cameraMode":{"drawMode":0,"name":"Shaded","section":"Shading Mode"},"sceneLighting":true,"audioPlay":false,"sceneViewState":{"showFog":true,"showMaterialUpdate":true,"showSkybox":true,"showFlares":true,"showImageEffects":true,"showParticleSystems":true},"in2DMode":false,"pivot":{"x":169.47093200683595,"y":-20.113527297973634,"z":64.07530212402344},"rotation":{"x":0.1080293133854866,"y":0.48938754200935366,"z":-0.061250951141119,"w":0.8632330298423767},"size":120.70884704589844,"orthographic":false}