{"cameraMode":{"drawMode":0,"name":"Shaded","section":"Shading Mode"},"sceneLighting":false,"audioPlay":false,"sceneViewState":{"showFog":true,"showMaterialUpdate":true,"showSkybox":false,"showFlares":true,"showImageEffects":true,"showParticleSystems":true},"in2DMode":false,"pivot":{"x":3.139597177505493,"y":-1.5141915082931519,"z":-0.5994992256164551},"rotation":{"x":0.23852752149105073,"y":0.5381253361701965,"z":-0.16205056011676789,"w":0.7920801639556885},"size":10.67191219329834,"orthographic":false}