{"cameraMode":{"drawMode":0,"name":"Shaded","section":"Shading Mode"},"sceneLighting":false,"audioPlay":false,"sceneViewState":{"showFog":true,"showMaterialUpdate":true,"showSkybox":false,"showFlares":true,"showImageEffects":true,"showParticleSystems":true},"in2DMode":false,"pivot":{"x":-0.19271664321422578,"y":1.399017572402954,"z":-1.8677006959915162},"rotation":{"x":-0.0009516957215964794,"y":0.9947062730789185,"z":0.1024189218878746,"w":0.009247000329196453},"size":4.771559715270996,"orthographic":false}