{"cameraMode":{"drawMode":0,"name":"Shaded","section":"Shading Mode"},"sceneLighting":false,"audioPlay":false,"sceneViewState":{"showFog":true,"showMaterialUpdate":true,"showSkybox":false,"showFlares":true,"showImageEffects":true,"showParticleSystems":true},"in2DMode":false,"pivot":{"x":23.626710891723634,"y":0.6531156897544861,"z":11.372568130493164},"rotation":{"x":-0.12452888488769531,"y":-0.4855262339115143,"z":0.07011360675096512,"w":-0.8624922037124634},"size":58.348140716552737,"orthographic":false}