{"cameraMode":{"drawMode":0,"name":"Shaded","section":"Shading Mode"},"sceneLighting":false,"audioPlay":false,"sceneViewState":{"showFog":true,"showMaterialUpdate":true,"showSkybox":false,"showFlares":true,"showImageEffects":true,"showParticleSystems":true},"in2DMode":false,"pivot":{"x":4115.1171875,"y":3630.5830078125,"z":40.64744186401367},"rotation":{"x":0.4301617741584778,"y":0.3297981321811676,"z":-0.17277765274047852,"w":0.822551429271698},"size":187.9418487548828,"orthographic":false}