{"cameraMode":{"drawMode":0,"name":"Shaded","section":"Shading Mode"},"sceneLighting":false,"audioPlay":false,"sceneViewState":{"showFog":true,"showMaterialUpdate":true,"showSkybox":false,"showFlares":true,"showImageEffects":true,"showParticleSystems":true},"in2DMode":false,"pivot":{"x":-0.011231446638703347,"y":1.8229503631591797,"z":-2.9472882747650148},"rotation":{"x":-0.0004206553567200899,"y":0.9918087124824524,"z":0.12775270640850068,"w":0.003268969478085637},"size":4.756150722503662,"orthographic":false}