{"cameraMode":{"drawMode":0,"name":"Shaded","section":"Shading Mode"},"sceneLighting":false,"audioPlay":false,"sceneViewState":{"showFog":true,"showMaterialUpdate":true,"showSkybox":false,"showFlares":true,"showImageEffects":true,"showParticleSystems":true},"in2DMode":false,"pivot":{"x":-35.31916427612305,"y":-103.32682800292969,"z":-456.6188049316406},"rotation":{"x":0.009959154762327671,"y":-0.9837685823440552,"z":0.16988429427146913,"w":0.05765477567911148},"size":671.8093872070313,"orthographic":false}