{"cameraMode":{"drawMode":0,"name":"Shaded","section":"Shading Mode"},"sceneLighting":false,"audioPlay":false,"sceneViewState":{"showFog":true,"showMaterialUpdate":false,"showSkybox":false,"showFlares":true,"showImageEffects":true,"showParticleSystems":true},"in2DMode":false,"pivot":{"x":-8.899999618530274,"y":40.29999923706055,"z":-11.700000762939454},"rotation":{"x":-0.20975182950496674,"y":0.37445083260536196,"z":-0.08775871992111206,"w":-0.8990971446037293},"size":156.65750122070313,"orthographic":false}