{"cameraMode":{"drawMode":0,"name":"Shaded","section":"Shading Mode"},"sceneLighting":false,"audioPlay":false,"sceneViewState":{"showFog":true,"showMaterialUpdate":true,"showSkybox":false,"showFlares":true,"showImageEffects":true,"showParticleSystems":true},"in2DMode":false,"pivot":{"x":-1.9218783378601075,"y":0.7277476787567139,"z":-1.5859551429748536},"rotation":{"x":-0.025721952319145204,"y":0.8996448516845703,"z":-0.05350099503993988,"w":-0.4325873851776123},"size":4.740207672119141,"orthographic":false}