{"cameraMode":{"drawMode":0,"name":"Shaded","section":"Shading Mode"},"sceneLighting":true,"audioPlay":false,"sceneViewState":{"showFog":true,"showMaterialUpdate":true,"showSkybox":true,"showFlares":true,"showImageEffects":true,"showParticleSystems":true},"in2DMode":false,"pivot":{"x":51.63105392456055,"y":-570.5387573242188,"z":1104.402099609375},"rotation":{"x":0.24207532405853272,"y":-0.0023202712181955578,"z":0.0005639196606352925,"w":0.9702737331390381},"size":1353.101318359375,"orthographic":false}