{"cameraMode":{"drawMode":0,"name":"Shaded","section":"Shading Mode"},"sceneLighting":false,"audioPlay":false,"sceneViewState":{"showFog":true,"showMaterialUpdate":true,"showSkybox":false,"showFlares":true,"showImageEffects":true,"showParticleSystems":true},"in2DMode":false,"pivot":{"x":4059.73974609375,"y":3738.82421875,"z":162.21337890625},"rotation":{"x":-0.04454076662659645,"y":-0.008531944826245308,"z":-0.0004998453659936786,"w":0.9990975856781006},"size":243.26535034179688,"orthographic":false}