{"cameraMode":{"drawMode":0,"name":"Shaded","section":"Shading Mode"},"sceneLighting":false,"audioPlay":false,"sceneViewState":{"showFog":true,"showMaterialUpdate":true,"showSkybox":false,"showFlares":true,"showImageEffects":true,"showParticleSystems":true},"in2DMode":false,"pivot":{"x":-8048.77734375,"y":276.08837890625,"z":904.2689208984375},"rotation":{"x":-0.009306724183261395,"y":0.9576217532157898,"z":0.031192084774374963,"w":0.28665536642074587},"size":43.8194465637207,"orthographic":false}