{"cameraMode":{"drawMode":0,"name":"Shaded","section":"Shading Mode"},"sceneLighting":true,"audioPlay":false,"sceneViewState":{"showFog":true,"showMaterialUpdate":true,"showSkybox":true,"showFlares":true,"showImageEffects":true,"showParticleSystems":true},"in2DMode":false,"pivot":{"x":284.6202392578125,"y":-521.9661254882813,"z":810.97998046875},"rotation":{"x":0.27772173285484316,"y":0.15762627124786378,"z":-0.04605161026120186,"w":0.9465374946594238},"size":976.0040283203125,"orthographic":false}