{"cameraMode":{"drawMode":0,"name":"Shaded","section":"Shading Mode"},"sceneLighting":false,"audioPlay":false,"sceneViewState":{"showFog":true,"showMaterialUpdate":true,"showSkybox":false,"showFlares":true,"showImageEffects":true,"showParticleSystems":true},"in2DMode":false,"pivot":{"x":6.6343464851379398,"y":0.09468232840299607,"z":-3.462733745574951},"rotation":{"x":0.006943839602172375,"y":0.991533100605011,"z":-0.059564489871263507,"w":0.11558929085731507},"size":11.318233489990235,"orthographic":false}