{"cameraMode":{"drawMode":0,"name":"Shaded","section":"Shading Mode"},"sceneLighting":false,"audioPlay":false,"sceneViewState":{"showFog":true,"showMaterialUpdate":true,"showSkybox":false,"showFlares":true,"showImageEffects":true,"showParticleSystems":true},"in2DMode":false,"pivot":{"x":-0.5008716583251953,"y":-2.295214891433716,"z":-1.4981534481048585},"rotation":{"x":0.09728189557790756,"y":0.9023839235305786,"z":-0.3106068968772888,"w":0.28264832496643069},"size":12.165029525756836,"orthographic":false}