{"cameraMode":{"drawMode":0,"name":"Shaded","section":"Shading Mode"},"sceneLighting":false,"audioPlay":false,"sceneViewState":{"showFog":true,"showMaterialUpdate":true,"showSkybox":false,"showFlares":true,"showImageEffects":true,"showParticleSystems":true},"in2DMode":false,"pivot":{"x":4020.618408203125,"y":3723.9033203125,"z":-18.70121192932129},"rotation":{"x":-0.005063958466053009,"y":-0.9934684038162231,"z":0.1036502867937088,"w":-0.04997662827372551},"size":24.812002182006837,"orthographic":false}