{"cameraMode":{"drawMode":0,"name":"Shaded","section":"Shading Mode"},"sceneLighting":false,"audioPlay":false,"sceneViewState":{"showFog":true,"showMaterialUpdate":true,"showSkybox":false,"showFlares":true,"showImageEffects":true,"showParticleSystems":true},"in2DMode":false,"pivot":{"x":0.06108752638101578,"y":0.9353984594345093,"z":-2.089367389678955},"rotation":{"x":-0.0011154559906572104,"y":0.9988867044448853,"z":0.03507779911160469,"w":0.031771235167980197},"size":4.706319332122803,"orthographic":false}