{"cameraMode":{"drawMode":0,"name":"Shaded","section":"Shading Mode"},"sceneLighting":false,"audioPlay":false,"sceneViewState":{"showFog":true,"showMaterialUpdate":true,"showSkybox":false,"showFlares":true,"showImageEffects":true,"showParticleSystems":true},"in2DMode":false,"pivot":{"x":-2.5498807430267336,"y":0.9400554299354553,"z":-2.204252004623413},"rotation":{"x":-0.04037385806441307,"y":0.8985544443130493,"z":-0.08462245017290116,"w":-0.4287489950656891},"size":4.704010963439941,"orthographic":false}