{"cameraMode":{"drawMode":0,"name":"Shaded","section":"Shading Mode"},"sceneLighting":false,"audioPlay":false,"sceneViewState":{"showFog":true,"showMaterialUpdate":true,"showSkybox":false,"showFlares":true,"showImageEffects":true,"showParticleSystems":true},"in2DMode":false,"pivot":{"x":4008.002197265625,"y":3720.25537109375,"z":-17.134498596191408},"rotation":{"x":0.0007790196686983109,"y":0.9326531887054443,"z":-0.36114948987960818,"w":0.0014577305410057307},"size":8.383159637451172,"orthographic":false}