{"cameraMode":{"drawMode":0,"name":"Shaded","section":"Shading Mode"},"sceneLighting":false,"audioPlay":false,"sceneViewState":{"showFog":true,"showMaterialUpdate":true,"showSkybox":false,"showFlares":true,"showImageEffects":true,"showParticleSystems":true},"in2DMode":false,"pivot":{"x":105.9933090209961,"y":1.0477917194366456,"z":7.997718811035156},"rotation":{"x":-0.028271453455090524,"y":-0.7200679183006287,"z":0.028994854539632798,"w":-0.6928703188896179},"size":43.06680679321289,"orthographic":false}