{"cameraMode":{"drawMode":0,"name":"Shaded","section":"Shading Mode"},"sceneLighting":false,"audioPlay":false,"sceneViewState":{"showFog":true,"showMaterialUpdate":true,"showSkybox":false,"showFlares":true,"showImageEffects":true,"showParticleSystems":true},"in2DMode":false,"pivot":{"x":-3.180495500564575,"y":5.1010966300964359,"z":-23.220043182373048},"rotation":{"x":-0.0003497730358503759,"y":0.9996556043624878,"z":0.01754944585263729,"w":0.024159997701644899},"size":32.99892044067383,"orthographic":false}