{"cameraMode":{"drawMode":0,"name":"Shaded","section":"Shading Mode"},"sceneLighting":false,"audioPlay":false,"sceneViewState":{"showFog":true,"showMaterialUpdate":true,"showSkybox":false,"showFlares":true,"showImageEffects":true,"showParticleSystems":true},"in2DMode":false,"pivot":{"x":-0.3326781988143921,"y":0.4640686810016632,"z":0.06176193803548813},"rotation":{"x":0.07843375205993653,"y":0.8745360374450684,"z":-0.15102623403072358,"w":0.454242467880249},"size":4.6443352699279789,"orthographic":false}