{"cameraMode":{"drawMode":0,"name":"Shaded","section":"Shading Mode"},"sceneLighting":true,"audioPlay":false,"sceneViewState":{"showFog":true,"showMaterialUpdate":true,"showSkybox":true,"showFlares":true,"showImageEffects":true,"showParticleSystems":true},"in2DMode":false,"pivot":{"x":-214.42584228515626,"y":-1309.7200927734375,"z":2897.691162109375},"rotation":{"x":-0.21326592564582826,"y":0.04018069803714752,"z":-0.009145621210336686,"w":-0.9761696457862854},"size":3151.307861328125,"orthographic":false}