{"cameraMode":{"drawMode":0,"name":"Shaded","section":"Shading Mode"},"sceneLighting":false,"audioPlay":false,"sceneViewState":{"showFog":true,"showMaterialUpdate":false,"showSkybox":false,"showFlares":true,"showImageEffects":true,"showParticleSystems":true},"in2DMode":false,"pivot":{"x":50.13081741333008,"y":9.949994087219239,"z":31.742477416992189},"rotation":{"x":0.07903151959180832,"y":-0.7229552268981934,"z":0.08654040098190308,"w":0.6811134219169617},"size":43.5124397277832,"orthographic":false}