{"cameraMode":{"drawMode":0,"name":"Shaded","section":"Shading Mode"},"sceneLighting":false,"audioPlay":false,"sceneViewState":{"showFog":true,"showMaterialUpdate":true,"showSkybox":false,"showFlares":true,"showImageEffects":true,"showParticleSystems":true},"in2DMode":false,"pivot":{"x":3.7445974349975588,"y":-2.483814239501953,"z":4.087661266326904},"rotation":{"x":0.2802339792251587,"y":0.0782342478632927,"z":-0.022889256477355958,"w":0.9564969539642334},"size":22.0,"orthographic":false}