{"cameraMode":{"drawMode":0,"name":"Shaded","section":"Shading Mode"},"sceneLighting":false,"audioPlay":false,"sceneViewState":{"showFog":true,"showMaterialUpdate":true,"showSkybox":false,"showFlares":true,"showImageEffects":true,"showParticleSystems":true},"in2DMode":false,"pivot":{"x":-0.6375334858894348,"y":-3.3221514225006105,"z":-1.033566951751709},"rotation":{"x":-0.015751993283629419,"y":0.9184163212776184,"z":-0.39372551441192629,"w":-0.03670194000005722},"size":10.096327781677246,"orthographic":false}