{"cameraMode":{"drawMode":0,"name":"Shaded","section":"Shading Mode"},"sceneLighting":false,"audioPlay":false,"sceneViewState":{"showFog":true,"showMaterialUpdate":true,"showSkybox":false,"showFlares":true,"showImageEffects":true,"showParticleSystems":true},"in2DMode":false,"pivot":{"x":4.557600498199463,"y":-0.1832597255706787,"z":-3.547879695892334},"rotation":{"x":0.01874070055782795,"y":0.9364799857139587,"z":-0.050619594752788547,"w":0.3466811180114746},"size":11.073668479919434,"orthographic":false}