{"cameraMode":{"drawMode":0,"name":"Shaded","section":"Shading Mode"},"sceneLighting":false,"audioPlay":false,"sceneViewState":{"showFog":true,"showMaterialUpdate":true,"showSkybox":false,"showFlares":true,"showImageEffects":true,"showParticleSystems":true},"in2DMode":false,"pivot":{"x":73.21672058105469,"y":1.72958505153656,"z":16.641916275024415},"rotation":{"x":0.06491287797689438,"y":-0.9217239022254944,"z":0.1846316009759903,"w":0.33539116382598879},"size":20.20829200744629,"orthographic":false}