{"cameraMode":{"drawMode":0,"name":"Shaded","section":"Shading Mode"},"sceneLighting":false,"audioPlay":false,"sceneViewState":{"showFog":true,"showMaterialUpdate":true,"showSkybox":false,"showFlares":true,"showImageEffects":true,"showParticleSystems":true},"in2DMode":false,"pivot":{"x":-0.10244178771972656,"y":0.43135595321655276,"z":0.4929962158203125},"rotation":{"x":0.0482194721698761,"y":0.921493411064148,"z":-0.3659248352050781,"w":0.12145363539457321},"size":4.436777114868164,"orthographic":false}