{"cameraMode":{"drawMode":0,"name":"Shaded","section":"Shading Mode"},"sceneLighting":false,"audioPlay":false,"sceneViewState":{"showFog":true,"showMaterialUpdate":true,"showSkybox":false,"showFlares":true,"showImageEffects":true,"showParticleSystems":true},"in2DMode":false,"pivot":{"x":884.90673828125,"y":52.88690185546875,"z":-28.233165740966798},"rotation":{"x":-0.019746070727705957,"y":0.7269747257232666,"z":0.023253044113516809,"w":0.6864933967590332},"size":832.5772094726563,"orthographic":false}