{"cameraMode":{"drawMode":0,"name":"Shaded","section":"Shading Mode"},"sceneLighting":false,"audioPlay":false,"sceneViewState":{"showFog":true,"showMaterialUpdate":true,"showSkybox":false,"showFlares":true,"showImageEffects":true,"showParticleSystems":true},"in2DMode":false,"pivot":{"x":4029.470703125,"y":3713.90478515625,"z":-15.2824068069458},"rotation":{"x":-0.21129706501960755,"y":-0.6830319762229919,"z":0.2173692137002945,"w":-0.6647017598152161},"size":25.823637008666993,"orthographic":false}