{"cameraMode":{"drawMode":0,"name":"Shaded","section":"Shading Mode"},"sceneLighting":false,"audioPlay":false,"sceneViewState":{"showFog":true,"showMaterialUpdate":true,"showSkybox":false,"showFlares":true,"showImageEffects":true,"showParticleSystems":true},"in2DMode":false,"pivot":{"x":4075.25634765625,"y":3670.492431640625,"z":155.6494598388672},"rotation":{"x":0.1616581827402115,"y":0.0329846628010273,"z":-0.005579337943345308,"w":0.9864069819450378},"size":214.03855895996095,"orthographic":false}